               epoch,      train/box_loss,      train/obj_loss,      train/cls_loss,   metrics/precision,      metrics/recall,     metrics/mAP_0.5,metrics/mAP_0.5:0.95,        val/box_loss,        val/obj_loss,        val/cls_loss,               x/lr0,               x/lr1,               x/lr2
                   0,             0.09184,             0.02473,            0.023474,             0.47667,             0.51989,             0.42058,             0.14316,            0.055327,               0.014,           0.0099883,            0.070526,           0.0032749,           0.0032749
                   1,            0.064397,            0.018299,           0.0078453,             0.35991,              0.6418,             0.39633,             0.13302,            0.059116,            0.008207,           0.0025906,            0.040461,           0.0065428,           0.0065428
                   2,             0.06073,            0.014738,           0.0057531,             0.60669,              0.6976,             0.72024,             0.27747,            0.047555,            0.007514,           0.0030117,            0.010329,           0.0097447,           0.0097447
                   3,            0.053599,            0.012087,           0.0050814,             0.42937,             0.75029,             0.56867,             0.23577,            0.043678,           0.0067499,           0.0039395,            0.009703,            0.009703,            0.009703
                   4,            0.048259,            0.011229,           0.0039523,             0.63188,             0.87965,             0.78591,             0.40979,            0.034643,           0.0055665,           0.0014557,            0.009703,            0.009703,            0.009703
                   5,            0.044264,           0.0098722,           0.0035795,             0.85613,             0.82942,             0.86687,              0.4894,            0.039748,           0.0052447,           0.0024081,            0.009604,            0.009604,            0.009604
                   6,            0.041735,           0.0093327,           0.0030039,             0.82548,             0.85539,             0.84323,             0.37404,            0.037977,           0.0048886,           0.0014902,            0.009505,            0.009505,            0.009505
                   7,            0.039674,           0.0090157,           0.0031067,              0.9014,             0.93072,             0.96112,             0.45222,            0.035896,           0.0046812,           0.0010344,            0.009406,            0.009406,            0.009406
                   8,            0.039167,           0.0090875,           0.0031417,              0.8178,             0.93982,             0.84166,             0.42834,            0.033165,            0.004837,          0.00091456,            0.009307,            0.009307,            0.009307
                   9,            0.038168,           0.0087638,           0.0027075,             0.97925,              0.9762,             0.99336,             0.58216,             0.02835,           0.0040853,          0.00073897,            0.009208,            0.009208,            0.009208
                  10,            0.035798,           0.0084228,           0.0020473,             0.93051,             0.93079,              0.9254,              0.5299,            0.028708,           0.0040535,           0.0010337,            0.009109,            0.009109,            0.009109
                  11,            0.036308,           0.0081943,           0.0015975,             0.93912,             0.96973,             0.97302,              0.5611,            0.026243,           0.0038412,          0.00059801,             0.00901,             0.00901,             0.00901
                  12,            0.034431,             0.00789,           0.0019749,             0.94397,             0.96709,             0.98281,             0.60478,            0.026913,           0.0041385,          0.00058698,            0.008911,            0.008911,            0.008911
                  13,            0.034772,           0.0083022,           0.0022679,             0.97735,             0.95335,             0.97431,             0.59617,            0.024701,           0.0041137,          0.00069349,            0.008812,            0.008812,            0.008812
                  14,            0.032366,           0.0079954,            0.001605,             0.98295,              0.9804,             0.99377,             0.64132,            0.023429,            0.003742,          0.00052645,            0.008713,            0.008713,            0.008713
                  15,            0.031765,           0.0079246,           0.0018849,              0.9725,             0.96991,             0.98239,             0.58945,            0.026128,           0.0038251,          0.00043481,            0.008614,            0.008614,            0.008614
                  16,            0.031416,           0.0081128,           0.0016613,             0.98994,             0.99245,              0.9948,              0.6246,            0.022574,           0.0038763,          0.00080949,            0.008515,            0.008515,            0.008515
                  17,            0.030775,           0.0074699,           0.0016126,             0.97129,             0.96902,              0.9838,             0.62043,            0.024148,           0.0038804,           0.0008163,            0.008416,            0.008416,            0.008416
                  18,            0.030658,           0.0073847,           0.0015364,             0.97786,             0.95767,             0.98634,              0.6638,            0.020738,           0.0040988,          0.00070853,            0.008317,            0.008317,            0.008317
                  19,            0.030212,           0.0078647,           0.0014995,             0.97264,             0.98686,             0.99272,             0.65833,            0.023423,           0.0036517,          0.00077269,            0.008218,            0.008218,            0.008218
                  20,            0.029653,           0.0071897,           0.0013096,             0.98176,             0.98111,              0.9937,             0.69363,            0.020311,           0.0036015,          0.00069938,            0.008119,            0.008119,            0.008119
                  21,            0.029318,           0.0073389,           0.0013577,              0.9825,             0.97772,             0.98547,             0.65962,            0.021239,           0.0035926,          0.00040366,             0.00802,             0.00802,             0.00802
                  22,            0.028951,           0.0066876,             0.00118,             0.98634,              0.9849,             0.98875,             0.66862,            0.020529,           0.0035904,          0.00073467,            0.007921,            0.007921,            0.007921
                  23,            0.028075,           0.0072211,           0.0011031,             0.98679,              0.9881,             0.98881,             0.65874,            0.021421,            0.003516,          0.00044877,            0.007822,            0.007822,            0.007822
                  24,            0.027084,           0.0069865,           0.0011819,             0.98947,             0.99301,             0.99048,             0.72376,            0.019914,            0.003371,          0.00040081,            0.007723,            0.007723,            0.007723
                  25,            0.027131,           0.0066064,           0.0011838,             0.98719,              0.9965,             0.99428,             0.67035,            0.022479,           0.0035535,          0.00039526,            0.007624,            0.007624,            0.007624
                  26,            0.026977,            0.007076,           0.0012476,             0.99285,             0.99905,             0.99479,             0.69828,            0.021219,            0.003536,           0.0003909,            0.007525,            0.007525,            0.007525
                  27,             0.02638,           0.0067899,          0.00096328,             0.98746,              0.9846,             0.99091,              0.6847,            0.021097,           0.0036276,          0.00036567,            0.007426,            0.007426,            0.007426
                  28,            0.025975,           0.0068294,           0.0011855,             0.99156,             0.99982,               0.995,             0.71522,            0.019978,           0.0035351,          0.00036136,            0.007327,            0.007327,            0.007327
                  29,            0.026748,           0.0066899,           0.0011179,             0.98702,             0.98339,             0.99392,             0.71935,            0.018955,           0.0035367,          0.00077268,            0.007228,            0.007228,            0.007228
                  30,            0.026162,            0.006482,           0.0012276,             0.99074,              0.9965,             0.99433,             0.69184,            0.019317,           0.0035002,          0.00033586,            0.007129,            0.007129,            0.007129
                  31,            0.025328,           0.0066129,           0.0011199,             0.98338,                   1,             0.99487,             0.72529,            0.018496,           0.0033291,          0.00030627,             0.00703,             0.00703,             0.00703
                  32,            0.025125,           0.0066392,           0.0012251,             0.99227,                   1,             0.99487,             0.71296,            0.019407,           0.0032968,          0.00031437,            0.006931,            0.006931,            0.006931
                  33,            0.025796,            0.006784,            0.001583,             0.99088,             0.99453,              0.9945,             0.74776,            0.017146,           0.0032363,          0.00028705,            0.006832,            0.006832,            0.006832
                  34,            0.023909,           0.0066681,          0.00082622,             0.98859,              0.9923,             0.99433,             0.73697,            0.018398,            0.003184,          0.00030131,            0.006733,            0.006733,            0.006733
                  35,            0.024425,           0.0064761,          0.00068878,             0.99652,             0.99909,               0.995,             0.70657,            0.020137,           0.0033773,          0.00031208,            0.006634,            0.006634,            0.006634
                  36,            0.024766,           0.0063168,           0.0012374,             0.98771,              0.9958,             0.99492,             0.71165,            0.018531,           0.0032557,          0.00054018,            0.006535,            0.006535,            0.006535
                  37,            0.024263,             0.00648,          0.00076214,             0.98977,                   1,             0.99479,             0.71729,            0.018301,           0.0033197,          0.00024347,            0.006436,            0.006436,            0.006436
                  38,            0.024476,           0.0066296,          0.00097377,             0.99368,             0.99419,               0.995,             0.74598,            0.016848,           0.0032491,          0.00032767,            0.006337,            0.006337,            0.006337
                  39,            0.024339,           0.0064103,            0.001004,             0.99389,             0.98739,             0.99473,             0.72458,            0.018038,           0.0032887,          0.00065273,            0.006238,            0.006238,            0.006238
                  40,            0.023905,           0.0064361,           0.0011557,             0.99422,             0.99668,               0.995,             0.72014,            0.018667,           0.0032388,          0.00031107,            0.006139,            0.006139,            0.006139
                  41,            0.022403,           0.0062681,          0.00051176,             0.99797,                   1,               0.995,             0.74762,            0.019003,           0.0031591,          0.00023228,             0.00604,             0.00604,             0.00604
                  42,            0.022569,           0.0064613,          0.00066021,             0.99731,                   1,               0.995,             0.73757,            0.018972,           0.0032256,           0.0002703,            0.005941,            0.005941,            0.005941
                  43,             0.02303,           0.0064063,          0.00082505,             0.99117,             0.99445,               0.995,             0.75029,            0.016595,           0.0033129,          0.00027203,            0.005842,            0.005842,            0.005842
                  44,             0.02137,           0.0059921,          0.00056564,             0.99739,                   1,               0.995,             0.74536,            0.016193,           0.0031779,           0.0002266,            0.005743,            0.005743,            0.005743
                  45,            0.021901,           0.0061317,          0.00044523,             0.99286,                   1,               0.995,             0.76789,             0.01657,           0.0031198,          0.00020068,            0.005644,            0.005644,            0.005644
                  46,            0.021661,           0.0060191,          0.00059711,             0.99814,                   1,               0.995,             0.75918,            0.016245,           0.0030949,          0.00022541,            0.005545,            0.005545,            0.005545
                  47,            0.021737,           0.0060762,          0.00095029,              0.9983,              0.9958,               0.995,             0.76312,            0.016617,           0.0031281,          0.00025017,            0.005446,            0.005446,            0.005446
                  48,            0.021162,           0.0059445,          0.00068491,             0.99223,             0.99979,             0.99497,             0.75382,            0.016976,           0.0031721,          0.00019207,            0.005347,            0.005347,            0.005347
                  49,            0.021365,           0.0061241,          0.00083931,              0.9974,              0.9965,               0.995,             0.76489,            0.017579,           0.0033014,          0.00020879,            0.005248,            0.005248,            0.005248
                  50,            0.021327,           0.0060508,          0.00076439,              0.9983,              0.9946,               0.995,             0.75659,            0.017149,           0.0032674,          0.00027549,            0.005149,            0.005149,            0.005149
                  51,            0.021045,           0.0057943,          0.00053493,             0.99915,                   1,               0.995,              0.7556,            0.016285,           0.0031581,           0.0002411,             0.00505,             0.00505,             0.00505
                  52,            0.020428,            0.006032,          0.00046396,             0.99887,             0.99903,               0.995,              0.7525,            0.016201,           0.0031064,          0.00018647,            0.004951,            0.004951,            0.004951
                  53,            0.020487,           0.0060527,          0.00036793,             0.99824,             0.99907,               0.995,             0.75911,            0.015977,           0.0031528,          0.00017772,            0.004852,            0.004852,            0.004852
                  54,            0.019619,            0.005505,          0.00041797,             0.99704,                   1,               0.995,             0.77143,            0.015482,           0.0031374,           0.0002089,            0.004753,            0.004753,            0.004753
                  55,            0.019863,           0.0057313,          0.00076338,              0.9977,              0.9965,               0.995,             0.77908,            0.015639,           0.0031039,          0.00020985,            0.004654,            0.004654,            0.004654
                  56,            0.020158,            0.005618,          0.00070883,              0.9986,                   1,               0.995,             0.77958,             0.01599,            0.003115,          0.00019684,            0.004555,            0.004555,            0.004555
                  57,            0.020249,            0.005802,          0.00045338,              0.9949,                   1,               0.995,             0.77121,             0.01637,           0.0030421,          0.00017993,            0.004456,            0.004456,            0.004456
                  58,            0.020659,           0.0058525,          0.00054689,             0.99555,             0.99652,               0.995,             0.78321,            0.015516,           0.0030122,          0.00016404,            0.004357,            0.004357,            0.004357
                  59,            0.019555,           0.0055343,          0.00042414,             0.99466,              0.9968,               0.995,              0.7823,            0.016121,           0.0031495,          0.00015937,            0.004258,            0.004258,            0.004258
                  60,            0.019039,           0.0055571,          0.00031878,             0.98808,              0.9974,             0.99472,             0.78942,             0.01491,           0.0030885,           0.0001613,            0.004159,            0.004159,            0.004159
                  61,            0.018984,           0.0052896,          0.00044292,              0.9954,             0.99703,             0.99497,             0.78224,            0.015706,           0.0030764,          0.00015812,             0.00406,             0.00406,             0.00406
                  62,            0.019403,           0.0055345,          0.00040631,             0.99551,              0.9973,             0.99479,             0.77545,            0.016135,           0.0030807,          0.00016181,            0.003961,            0.003961,            0.003961
                  63,            0.018501,           0.0052776,          0.00040912,             0.99455,             0.99925,             0.99493,             0.76894,            0.015401,           0.0030891,          0.00015103,            0.003862,            0.003862,            0.003862
                  64,            0.018263,           0.0054352,           0.0003454,             0.99519,                   1,             0.99497,             0.79024,            0.015287,            0.003013,          0.00015423,            0.003763,            0.003763,            0.003763
                  65,            0.017974,           0.0053102,          0.00029656,              0.9951,             0.99978,               0.995,             0.78179,            0.015407,           0.0029689,           0.0001446,            0.003664,            0.003664,            0.003664
                  66,            0.017723,           0.0053837,          0.00042339,             0.99538,                   1,               0.995,             0.79193,            0.014653,           0.0030133,          0.00014995,            0.003565,            0.003565,            0.003565
                  67,             0.01801,           0.0054371,          0.00035585,             0.99898,                   1,               0.995,             0.78238,            0.014816,           0.0028753,          0.00015378,            0.003466,            0.003466,            0.003466
                  68,            0.018265,           0.0054895,          0.00039505,             0.99504,                   1,               0.995,             0.78135,            0.015252,           0.0029228,          0.00014193,            0.003367,            0.003367,            0.003367
                  69,            0.017919,           0.0051913,          0.00043926,             0.99492,             0.99957,               0.995,             0.79101,            0.014853,           0.0029375,          0.00014293,            0.003268,            0.003268,            0.003268
                  70,            0.017388,           0.0051906,          0.00034463,              0.9954,             0.99987,               0.995,             0.79454,            0.014734,           0.0028873,          0.00014103,            0.003169,            0.003169,            0.003169
                  71,            0.017307,           0.0053578,          0.00047611,              0.9956,                   1,               0.995,             0.79141,            0.014972,           0.0029521,           0.0001151,             0.00307,             0.00307,             0.00307
                  72,            0.017215,           0.0052181,          0.00024444,             0.99568,              0.9965,             0.99493,             0.79023,            0.015339,           0.0028687,          0.00011373,            0.002971,            0.002971,            0.002971
                  73,            0.017702,           0.0054112,          0.00045239,             0.99581,             0.99996,             0.99483,             0.78676,            0.015496,           0.0029197,          0.00012228,            0.002872,            0.002872,            0.002872
                  74,            0.017029,           0.0050622,          0.00030591,              0.9953,                   1,             0.99497,             0.79053,            0.014791,           0.0029425,          0.00013309,            0.002773,            0.002773,            0.002773
                  75,            0.016651,           0.0051037,          0.00024244,             0.99369,             0.99945,             0.99493,             0.80769,            0.014324,           0.0029178,          0.00011001,            0.002674,            0.002674,            0.002674
                  76,            0.016742,           0.0051755,          0.00038727,             0.99535,             0.99682,             0.99497,             0.79855,             0.01482,           0.0029251,          9.7229e-05,            0.002575,            0.002575,            0.002575
                  77,            0.016472,           0.0050472,          0.00032582,             0.99321,             0.99954,             0.99497,             0.80053,            0.014666,            0.002908,          9.6819e-05,            0.002476,            0.002476,            0.002476
                  78,            0.016185,           0.0048499,          0.00038395,             0.99371,             0.99964,               0.995,             0.79673,            0.014526,           0.0028622,          0.00010295,            0.002377,            0.002377,            0.002377
                  79,            0.016445,           0.0049137,          0.00046239,             0.99519,             0.99994,               0.995,             0.79902,            0.015089,            0.002888,          0.00010961,            0.002278,            0.002278,            0.002278
                  80,            0.015734,           0.0050473,          0.00026509,              0.9953,                   1,             0.99486,             0.80032,            0.014849,           0.0028906,          0.00010388,            0.002179,            0.002179,            0.002179
                  81,            0.015784,            0.005013,           0.0002965,              0.9958,                   1,               0.995,             0.80406,            0.014468,           0.0028704,          9.9818e-05,             0.00208,             0.00208,             0.00208
                  82,            0.015834,           0.0049652,          0.00024665,             0.99584,                   1,               0.995,             0.79572,             0.01477,           0.0028596,           8.743e-05,            0.001981,            0.001981,            0.001981
                  83,            0.015575,           0.0050375,          0.00030346,             0.99568,                   1,               0.995,             0.79628,            0.014768,           0.0029012,          8.4967e-05,            0.001882,            0.001882,            0.001882
                  84,            0.015659,           0.0049878,          0.00028225,             0.99411,             0.99948,               0.995,             0.79674,            0.014922,           0.0028763,          8.1844e-05,            0.001783,            0.001783,            0.001783
                  85,            0.014955,           0.0047862,          0.00020887,             0.99547,                   1,               0.995,             0.80174,            0.014332,           0.0028759,          7.7807e-05,            0.001684,            0.001684,            0.001684
                  86,            0.015258,           0.0046935,          0.00025575,             0.99581,                   1,               0.995,             0.80092,            0.014082,           0.0028306,           7.474e-05,            0.001585,            0.001585,            0.001585
                  87,            0.015372,           0.0044799,          0.00035287,             0.99583,                   1,             0.99493,             0.80798,            0.014293,            0.002825,          7.5169e-05,            0.001486,            0.001486,            0.001486
                  88,            0.014746,            0.004708,          0.00024301,             0.99605,                   1,             0.99493,              0.8072,            0.014519,            0.002829,          7.2683e-05,            0.001387,            0.001387,            0.001387
                  89,            0.014798,           0.0049233,          0.00022693,              0.9957,                   1,             0.99493,             0.79718,            0.014411,           0.0028373,          6.8536e-05,            0.001288,            0.001288,            0.001288
                  90,            0.014782,           0.0048076,          0.00024941,             0.99561,                   1,              0.9949,             0.80445,            0.014446,            0.002811,           6.543e-05,            0.001189,            0.001189,            0.001189
                  91,            0.014614,           0.0047696,          0.00015888,             0.99584,                   1,             0.99483,             0.81136,            0.014424,           0.0027978,          6.2955e-05,             0.00109,             0.00109,             0.00109
                  92,            0.013999,           0.0046726,           0.0001209,             0.99585,                   1,             0.99486,             0.81117,            0.013868,           0.0027688,          6.1292e-05,            0.000991,            0.000991,            0.000991
                  93,            0.014355,           0.0045749,          0.00013708,             0.99587,                   1,             0.99493,             0.81391,            0.013908,           0.0027579,          6.0243e-05,            0.000892,            0.000892,            0.000892
                  94,            0.014649,            0.004466,          0.00020068,             0.99593,                   1,               0.995,             0.81442,            0.013899,           0.0027758,          5.8997e-05,            0.000793,            0.000793,            0.000793
                  95,            0.014537,           0.0045506,          0.00024506,             0.99596,                   1,               0.995,              0.8153,            0.013903,           0.0027739,          5.8248e-05,            0.000694,            0.000694,            0.000694
                  96,            0.014013,           0.0045671,          0.00016588,               0.996,                   1,               0.995,               0.813,            0.013881,           0.0027922,          5.7068e-05,            0.000595,            0.000595,            0.000595
                  97,             0.01385,           0.0045224,          0.00032432,             0.99599,                   1,               0.995,             0.81383,            0.013751,           0.0027899,          5.6536e-05,            0.000496,            0.000496,            0.000496
                  98,            0.013663,           0.0045782,          0.00010967,             0.99601,                   1,               0.995,             0.81465,            0.013695,           0.0027996,          5.5905e-05,            0.000397,            0.000397,            0.000397
                  99,             0.01367,           0.0045444,          0.00021594,             0.99602,                   1,               0.995,             0.81304,            0.013918,           0.0027869,          5.4378e-05,            0.000298,            0.000298,            0.000298
